LastName,FirstName,Company,PrintBadge
Mueller,Jeanine,Comstruct,1/1/0001 12:00:00 AM
Cross,Blake,Xeronk,1/1/0001 12:00:00 AM
Floyd,Gardner,Organica,1/1/0001 12:00:00 AM
Fry,Cleveland,Emergent,1/1/0001 12:00:00 AM
Craig,Carney,Isoplex,1/1/0001 12:00:00 AM
Woodward,Sims,Orboid,1/1/0001 12:00:00 AM
Suarez,Ebony,Momentia,1/1/0001 12:00:00 AM
Stephenson,Sheppard,Utarian,1/1/0001 12:00:00 AM
Thomas,Pierce,Norsul,1/1/0001 12:00:00 AM
Gray,Vinson,Gracker,1/1/0001 12:00:00 AM
Olson,Shari,Glasstep,1/1/0001 12:00:00 AM
Madden,Davidson,Ovium,1/1/0001 12:00:00 AM
Torres,Lynne,Zenco,1/1/0001 12:00:00 AM
Dotson,Whitfield,Jetsilk,1/1/0001 12:00:00 AM
Frederick,Althea,Danja,1/1/0001 12:00:00 AM
Cote,Riley,Franscene,1/1/0001 12:00:00 AM
Owens,Matthews,Sensate,1/1/0001 12:00:00 AM
Knowles,Cathryn,Quizmo,1/1/0001 12:00:00 AM
Merritt,Marks,Keeg,1/1/0001 12:00:00 AM
Morin,Candy,Tropoli,1/1/0001 12:00:00 AM
Owen,Carey,Digigene,1/1/0001 12:00:00 AM
Watts,Harrison,Geekular,1/1/0001 12:00:00 AM
Mcintyre,Coffey,Prismatic,1/1/0001 12:00:00 AM
Maldonado,Walters,Plasto,1/1/0001 12:00:00 AM
Sosa,Mclean,Photobin,1/1/0001 12:00:00 AM
Payne,Karyn,Hydrocom,1/1/0001 12:00:00 AM
Maxwell,Yang,Viocular,1/1/0001 12:00:00 AM
Juarez,Beasley,Digirang,1/1/0001 12:00:00 AM
Lott,Potter,Aquazure,1/1/0001 12:00:00 AM
Aguilar,Carroll,Hyplex,1/1/0001 12:00:00 AM
Miranda,Tara,Zillacom,1/1/0001 12:00:00 AM
Page,Yvonne,Scenty,1/1/0001 12:00:00 AM
Rojas,May,Cujo,1/1/0001 12:00:00 AM
Hogan,Effie,Micronaut,1/1/0001 12:00:00 AM
Banks,Lane,Combot,1/1/0001 12:00:00 AM
Mccoy,Abbott,Zillactic,1/1/0001 12:00:00 AM
Mcdowell,Madge,Uberlux,1/1/0001 12:00:00 AM
Marshall,Benson,Greeker,1/1/0001 12:00:00 AM
Jefferson,Blackburn,Blanet,1/1/0001 12:00:00 AM
Prince,Shields,Viasia,1/1/0001 12:00:00 AM
Graham,Fuller,Daido,1/1/0001 12:00:00 AM
Mcclain,Lakeisha,Cowtown,1/1/0001 12:00:00 AM
Sutton,Kasey,Gushkool,1/1/0001 12:00:00 AM
Weeks,Roach,Acium,1/1/0001 12:00:00 AM
Mcguire,Gutierrez,Gronk,1/1/0001 12:00:00 AM
Perry,Byrd,Valreda,1/1/0001 12:00:00 AM
Palmer,Bright,Sultrax,1/1/0001 12:00:00 AM
Cooley,Santiago,Voratak,1/1/0001 12:00:00 AM
Santiago,Griffith,Phuel,1/1/0001 12:00:00 AM
Paul,Powell,Xylar,1/1/0001 12:00:00 AM
Stephens,Foreman,Vendblend,1/1/0001 12:00:00 AM
Middleton,Tran,Bizmatic,1/1/0001 12:00:00 AM
Randolph,Wise,Moltonic,1/1/0001 12:00:00 AM
Reid,Wade,Xleen,1/1/0001 12:00:00 AM
Cochran,Clayton,Eyeris,1/1/0001 12:00:00 AM
Parks,Whitney,Providco,1/1/0001 12:00:00 AM
Warren,Courtney,Tingles,1/1/0001 12:00:00 AM
Booth,Hopkins,Apextri,1/1/0001 12:00:00 AM
Sanchez,Hope,Senmao,1/1/0001 12:00:00 AM
Hays,Nicholson,Plutorque,1/1/0001 12:00:00 AM
Padilla,Lindsey,Tellifly,1/1/0001 12:00:00 AM
Leblanc,Sandra,Comtext,1/1/0001 12:00:00 AM
Emerson,Merrill,Musaphics,1/1/0001 12:00:00 AM
Stevens,Rush,Pawnagra,1/1/0001 12:00:00 AM
Bentley,Ofelia,Earthplex,1/1/0001 12:00:00 AM
Willis,Marian,Vicon,1/1/0001 12:00:00 AM
Gentry,Moss,Slambda,1/1/0001 12:00:00 AM
Pickett,Hart,Eventex,1/1/0001 12:00:00 AM
Hampton,Lawanda,Circum,1/1/0001 12:00:00 AM
Peck,Rollins,Geostele,1/1/0001 12:00:00 AM
Salazar,Adams,Myopium,1/1/0001 12:00:00 AM
Bishop,Pitts,Tsunamia,1/1/0001 12:00:00 AM
Holland,Ochoa,Podunk,1/1/0001 12:00:00 AM
Hines,Keri,Gynko,1/1/0001 12:00:00 AM
Lindsey,Jeanie,Applica,1/1/0001 12:00:00 AM
Munoz,Alissa,Ezent,1/1/0001 12:00:00 AM
Ryan,Rose,Cuizine,1/1/0001 12:00:00 AM
Sloan,Kim,Zillatide,1/1/0001 12:00:00 AM
Cameron,Mariana,Hairport,1/1/0001 12:00:00 AM
Vega,Jean,Silodyne,1/1/0001 12:00:00 AM
French,Sallie,Bugsall,1/1/0001 12:00:00 AM
Daugherty,Thompson,Elemantra,1/1/0001 12:00:00 AM
Greene,Long,Kangle,1/1/0001 12:00:00 AM
Dillard,Amy,Sultraxin,1/1/0001 12:00:00 AM
West,Lucile,Parcoe,1/1/0001 12:00:00 AM
Fitzpatrick,Betsy,Digitalus,1/1/0001 12:00:00 AM
Harvey,Eula,Aquamate,1/1/0001 12:00:00 AM
Hawkins,Alston,Fuelton,1/1/0001 12:00:00 AM
Douglas,Slater,Parleynet,1/1/0001 12:00:00 AM
Cash,Lloyd,Filodyne,1/1/0001 12:00:00 AM
Cabrera,Theresa,Bluplanet,1/1/0001 12:00:00 AM
Harrington,Pat,Roboid,1/1/0001 12:00:00 AM
Carver,Paige,Translink,1/1/0001 12:00:00 AM
Holman,Clements,Ziore,1/1/0001 12:00:00 AM
Peters,Salinas,Ludak,1/1/0001 12:00:00 AM
Ramos,Kristy,Calcula,1/1/0001 12:00:00 AM
Hill,Hill,Nimon,1/1/0001 12:00:00 AM
Haynes,Rowena,Playce,1/1/0001 12:00:00 AM
Stafford,Casey,Telequiet,1/1/0001 12:00:00 AM
Harding,Rebekah,Magnafone,1/1/0001 12:00:00 AM
Murray,Rocha,Sportan,1/1/0001 12:00:00 AM
Oconnor,Roslyn,Plasmox,1/1/0001 12:00:00 AM
Terrell,Cecilia,Apex,1/1/0001 12:00:00 AM
Hensley,Rochelle,Songbird,1/1/0001 12:00:00 AM
George,Pauline,Vetron,1/1/0001 12:00:00 AM
Herring,Franks,Electonic,1/1/0001 12:00:00 AM
Walsh,Zamora,Kindaloo,1/1/0001 12:00:00 AM
Kinney,Rivers,Roughies,1/1/0001 12:00:00 AM
Singleton,Foster,Radiantix,1/1/0001 12:00:00 AM
Koch,Munoz,Intergeek,1/1/0001 12:00:00 AM
Delacruz,Nixon,Portaline,1/1/0001 12:00:00 AM
Gardner,Lee,Ceprene,1/1/0001 12:00:00 AM
Hurley,Lela,Scentric,1/1/0001 12:00:00 AM
Moore,Hull,Accupharm,1/1/0001 12:00:00 AM
Morgan,Bush,Arctiq,1/1/0001 12:00:00 AM
Sweeney,Franco,Hawkster,1/1/0001 12:00:00 AM
Ayers,Marcie,Lumbrex,1/1/0001 12:00:00 AM
Potts,Benjamin,Anarco,1/1/0001 12:00:00 AM
Roman,Mckenzie,Eventix,1/1/0001 12:00:00 AM
Hendricks,Vazquez,Pigzart,1/1/0001 12:00:00 AM
Garrison,Inez,Cinesanct,1/1/0001 12:00:00 AM
Massey,Bettie,Eclipsent,1/1/0001 12:00:00 AM
Forbes,Rosemarie,Verbus,1/1/0001 12:00:00 AM
Merrill,Gallegos,Harmoney,1/1/0001 12:00:00 AM
Joyce,Lila,Schoolio,1/1/0001 12:00:00 AM
Wheeler,Tammie,Paprikut,1/1/0001 12:00:00 AM
Rush,Antonia,Gallaxia,1/1/0001 12:00:00 AM
Atkins,Millie,Stucco,1/1/0001 12:00:00 AM
Ware,Lambert,Zillacon,1/1/0001 12:00:00 AM
Parrish,Romero,Stelaecor,1/1/0001 12:00:00 AM
Rivas,Delaney,Prosely,1/1/0001 12:00:00 AM
Whitney,Kelley,Columella,1/1/0001 12:00:00 AM
Huff,Holden,Digigen,1/1/0001 12:00:00 AM
Washington,Ballard,Noralex,1/1/0001 12:00:00 AM
Sampson,Flores,Quarx,1/1/0001 12:00:00 AM
Keller,Dorothea,Imperium,1/1/0001 12:00:00 AM
Mcbride,Ernestine,Niquent,1/1/0001 12:00:00 AM
Eaton,Patti,Genmom,1/1/0001 12:00:00 AM
Ramsey,Ware,Koogle,1/1/0001 12:00:00 AM
Horn,Darcy,Earbang,1/1/0001 12:00:00 AM
Dyer,Shawna,Canopoly,1/1/0001 12:00:00 AM
Bradford,Forbes,Zidox,1/1/0001 12:00:00 AM
Lynn,Dona,Twiggery,1/1/0001 12:00:00 AM
Abbott,Simmons,Acruex,1/1/0001 12:00:00 AM
Small,Eliza,Lotron,1/1/0001 12:00:00 AM
Kaufman,Preston,Farmex,1/1/0001 12:00:00 AM
Wilson,Graciela,Geekola,1/1/0001 12:00:00 AM
Mcdaniel,Roxie,Zappix,1/1/0001 12:00:00 AM
Henderson,Duffy,Memora,1/1/0001 12:00:00 AM
