LastName,FirstName,PrintBadge
Mueller,Jeanine,1/1/0001 12:00:00 AM
Cross,Blake,1/1/0001 12:00:00 AM
Floyd,Gardner,1/1/0001 12:00:00 AM
Fry,Cleveland,1/1/0001 12:00:00 AM
Craig,Carney,1/1/0001 12:00:00 AM
Woodward,Sims,1/1/0001 12:00:00 AM
Suarez,Ebony,1/1/0001 12:00:00 AM
Stephenson,Sheppard,1/1/0001 12:00:00 AM
Thomas,Pierce,1/1/0001 12:00:00 AM
Gray,Vinson,1/1/0001 12:00:00 AM
Olson,Shari,1/1/0001 12:00:00 AM
Madden,Davidson,1/1/0001 12:00:00 AM
Torres,Lynne,1/1/0001 12:00:00 AM
Dotson,Whitfield,1/1/0001 12:00:00 AM
Frederick,Althea,1/1/0001 12:00:00 AM
Cote,Riley,1/1/0001 12:00:00 AM
Owens,Matthews,1/1/0001 12:00:00 AM
Knowles,Cathryn,1/1/0001 12:00:00 AM
Merritt,Marks,1/1/0001 12:00:00 AM
Morin,Candy,1/1/0001 12:00:00 AM
Owen,Carey,1/1/0001 12:00:00 AM
Watts,Harrison,1/1/0001 12:00:00 AM
Mcintyre,Coffey,1/1/0001 12:00:00 AM
Maldonado,Walters,1/1/0001 12:00:00 AM
Sosa,Mclean,1/1/0001 12:00:00 AM
Payne,Karyn,1/1/0001 12:00:00 AM
Maxwell,Yang,1/1/0001 12:00:00 AM
Juarez,Beasley,1/1/0001 12:00:00 AM
Lott,Potter,1/1/0001 12:00:00 AM
Aguilar,Carroll,1/1/0001 12:00:00 AM
Miranda,Tara,1/1/0001 12:00:00 AM
Page,Yvonne,1/1/0001 12:00:00 AM
Rojas,May,1/1/0001 12:00:00 AM
Hogan,Effie,1/1/0001 12:00:00 AM
Banks,Lane,1/1/0001 12:00:00 AM
Mccoy,Abbott,1/1/0001 12:00:00 AM
Mcdowell,Madge,1/1/0001 12:00:00 AM
Marshall,Benson,1/1/0001 12:00:00 AM
Jefferson,Blackburn,1/1/0001 12:00:00 AM
Prince,Shields,1/1/0001 12:00:00 AM
Graham,Fuller,1/1/0001 12:00:00 AM
Mcclain,Lakeisha,1/1/0001 12:00:00 AM
Sutton,Kasey,1/1/0001 12:00:00 AM
Weeks,Roach,1/1/0001 12:00:00 AM
Mcguire,Gutierrez,1/1/0001 12:00:00 AM
Perry,Byrd,1/1/0001 12:00:00 AM
Palmer,Bright,1/1/0001 12:00:00 AM
Cooley,Santiago,1/1/0001 12:00:00 AM
Santiago,Griffith,1/1/0001 12:00:00 AM
Paul,Powell,1/1/0001 12:00:00 AM
Stephens,Foreman,1/1/0001 12:00:00 AM
Middleton,Tran,1/1/0001 12:00:00 AM
Randolph,Wise,1/1/0001 12:00:00 AM
Reid,Wade,1/1/0001 12:00:00 AM
Cochran,Clayton,1/1/0001 12:00:00 AM
Parks,Whitney,1/1/0001 12:00:00 AM
Warren,Courtney,1/1/0001 12:00:00 AM
Booth,Hopkins,1/1/0001 12:00:00 AM
Sanchez,Hope,1/1/0001 12:00:00 AM
Hays,Nicholson,1/1/0001 12:00:00 AM
Padilla,Lindsey,1/1/0001 12:00:00 AM
Leblanc,Sandra,1/1/0001 12:00:00 AM
Emerson,Merrill,1/1/0001 12:00:00 AM
Stevens,Rush,1/1/0001 12:00:00 AM
Bentley,Ofelia,1/1/0001 12:00:00 AM
Willis,Marian,1/1/0001 12:00:00 AM
Gentry,Moss,1/1/0001 12:00:00 AM
Pickett,Hart,1/1/0001 12:00:00 AM
Hampton,Lawanda,1/1/0001 12:00:00 AM
Peck,Rollins,1/1/0001 12:00:00 AM
Salazar,Adams,1/1/0001 12:00:00 AM
Bishop,Pitts,1/1/0001 12:00:00 AM
Holland,Ochoa,1/1/0001 12:00:00 AM
Hines,Keri,1/1/0001 12:00:00 AM
Lindsey,Jeanie,1/1/0001 12:00:00 AM
Munoz,Alissa,1/1/0001 12:00:00 AM
Ryan,Rose,1/1/0001 12:00:00 AM
Sloan,Kim,1/1/0001 12:00:00 AM
Cameron,Mariana,1/1/0001 12:00:00 AM
Vega,Jean,1/1/0001 12:00:00 AM
French,Sallie,1/1/0001 12:00:00 AM
Daugherty,Thompson,1/1/0001 12:00:00 AM
Greene,Long,1/1/0001 12:00:00 AM
Dillard,Amy,1/1/0001 12:00:00 AM
West,Lucile,1/1/0001 12:00:00 AM
Fitzpatrick,Betsy,1/1/0001 12:00:00 AM
Harvey,Eula,1/1/0001 12:00:00 AM
Hawkins,Alston,1/1/0001 12:00:00 AM
Douglas,Slater,1/1/0001 12:00:00 AM
Cash,Lloyd,1/1/0001 12:00:00 AM
Cabrera,Theresa,1/1/0001 12:00:00 AM
Harrington,Pat,1/1/0001 12:00:00 AM
Carver,Paige,1/1/0001 12:00:00 AM
Holman,Clements,1/1/0001 12:00:00 AM
Peters,Salinas,1/1/0001 12:00:00 AM
Ramos,Kristy,1/1/0001 12:00:00 AM
Hill,Hill,1/1/0001 12:00:00 AM
Haynes,Rowena,1/1/0001 12:00:00 AM
Stafford,Casey,1/1/0001 12:00:00 AM
Harding,Rebekah,1/1/0001 12:00:00 AM
Murray,Rocha,1/1/0001 12:00:00 AM
Oconnor,Roslyn,1/1/0001 12:00:00 AM
Terrell,Cecilia,1/1/0001 12:00:00 AM
Hensley,Rochelle,1/1/0001 12:00:00 AM
George,Pauline,1/1/0001 12:00:00 AM
Herring,Franks,1/1/0001 12:00:00 AM
Walsh,Zamora,1/1/0001 12:00:00 AM
Kinney,Rivers,1/1/0001 12:00:00 AM
Singleton,Foster,1/1/0001 12:00:00 AM
Koch,Munoz,1/1/0001 12:00:00 AM
Delacruz,Nixon,1/1/0001 12:00:00 AM
Gardner,Lee,1/1/0001 12:00:00 AM
Hurley,Lela,1/1/0001 12:00:00 AM
Moore,Hull,1/1/0001 12:00:00 AM
Morgan,Bush,1/1/0001 12:00:00 AM
Sweeney,Franco,1/1/0001 12:00:00 AM
Ayers,Marcie,1/1/0001 12:00:00 AM
Potts,Benjamin,1/1/0001 12:00:00 AM
Roman,Mckenzie,1/1/0001 12:00:00 AM
Hendricks,Vazquez,1/1/0001 12:00:00 AM
Garrison,Inez,1/1/0001 12:00:00 AM
Massey,Bettie,1/1/0001 12:00:00 AM
Forbes,Rosemarie,1/1/0001 12:00:00 AM
Merrill,Gallegos,1/1/0001 12:00:00 AM
Joyce,Lila,1/1/0001 12:00:00 AM
Wheeler,Tammie,1/1/0001 12:00:00 AM
Rush,Antonia,1/1/0001 12:00:00 AM
Atkins,Millie,1/1/0001 12:00:00 AM
Ware,Lambert,1/1/0001 12:00:00 AM
Parrish,Romero,1/1/0001 12:00:00 AM
Rivas,Delaney,1/1/0001 12:00:00 AM
Whitney,Kelley,1/1/0001 12:00:00 AM
Huff,Holden,1/1/0001 12:00:00 AM
Washington,Ballard,1/1/0001 12:00:00 AM
Sampson,Flores,1/1/0001 12:00:00 AM
Keller,Dorothea,1/1/0001 12:00:00 AM
Mcbride,Ernestine,1/1/0001 12:00:00 AM
Eaton,Patti,1/1/0001 12:00:00 AM
Ramsey,Ware,1/1/0001 12:00:00 AM
Horn,Darcy,1/1/0001 12:00:00 AM
Dyer,Shawna,1/1/0001 12:00:00 AM
Bradford,Forbes,1/1/0001 12:00:00 AM
Lynn,Dona,1/1/0001 12:00:00 AM
Abbott,Simmons,1/1/0001 12:00:00 AM
Small,Eliza,1/1/0001 12:00:00 AM
Kaufman,Preston,1/1/0001 12:00:00 AM
Wilson,Graciela,1/1/0001 12:00:00 AM
Mcdaniel,Roxie,1/1/0001 12:00:00 AM
Henderson,Duffy,1/1/0001 12:00:00 AM
Newton,Weeks,1/1/0001 12:00:00 AM
Williamson,Charles,1/1/0001 12:00:00 AM
Ellis,Gibson,1/1/0001 12:00:00 AM
Cortez,Adkins,1/1/0001 12:00:00 AM
Swanson,Ryan,1/1/0001 12:00:00 AM
Tillman,June,1/1/0001 12:00:00 AM
Foley,Mcguire,1/1/0001 12:00:00 AM
Dejesus,Wilkerson,1/1/0001 12:00:00 AM
Tanner,Bishop,1/1/0001 12:00:00 AM
Howell,Elma,1/1/0001 12:00:00 AM
Saunders,Mooney,1/1/0001 12:00:00 AM
Anderson,Terry,1/1/0001 12:00:00 AM
Burns,Crosby,1/1/0001 12:00:00 AM
Larsen,Valentine,1/1/0001 12:00:00 AM
Miller,Curry,1/1/0001 12:00:00 AM
Ferguson,Silva,1/1/0001 12:00:00 AM
Wiley,Ollie,1/1/0001 12:00:00 AM
Oneil,Laurel,1/1/0001 12:00:00 AM
Hopper,Camille,1/1/0001 12:00:00 AM
Powers,Meyers,1/1/0001 12:00:00 AM
Dickson,Delacruz,1/1/0001 12:00:00 AM
Dennis,Parks,1/1/0001 12:00:00 AM
Beasley,Petra,1/1/0001 12:00:00 AM
Mays,Estelle,1/1/0001 12:00:00 AM
Wilkins,Delgado,1/1/0001 12:00:00 AM
Crawford,Cooper,1/1/0001 12:00:00 AM
Long,Madelyn,1/1/0001 12:00:00 AM
Caldwell,Horton,1/1/0001 12:00:00 AM
Elliott,Hilda,1/1/0001 12:00:00 AM
Deleon,Frances,1/1/0001 12:00:00 AM
Mcconnell,Yolanda,1/1/0001 12:00:00 AM
Patterson,Ann,1/1/0001 12:00:00 AM
Hartman,Cardenas,1/1/0001 12:00:00 AM
Cooke,Corrine,1/1/0001 12:00:00 AM
Chan,Marcy,1/1/0001 12:00:00 AM
Mcfarland,Helga,1/1/0001 12:00:00 AM
Perez,Lee,1/1/0001 12:00:00 AM
Poole,Sheree,1/1/0001 12:00:00 AM
Conley,Rhonda,1/1/0001 12:00:00 AM
Crane,Malone,1/1/0001 12:00:00 AM
Moreno,Celina,1/1/0001 12:00:00 AM
Aguirre,Lorraine,1/1/0001 12:00:00 AM
England,Deleon,1/1/0001 12:00:00 AM
Mcknight,Taylor,1/1/0001 12:00:00 AM
Flynn,Wendy,1/1/0001 12:00:00 AM
Jordan,Everett,1/1/0001 12:00:00 AM
Lane,Young,1/1/0001 12:00:00 AM
Pittman,Koch,1/1/0001 12:00:00 AM
Calhoun,Brianna,1/1/0001 12:00:00 AM
Norman,Viola,1/1/0001 12:00:00 AM
Vaughn,Rosales,1/1/0001 12:00:00 AM
Bush,Bradshaw,1/1/0001 12:00:00 AM
Ortiz,Noemi,1/1/0001 12:00:00 AM
Sears,Georgia,1/1/0001 12:00:00 AM
Evans,Ross,1/1/0001 12:00:00 AM
Lindsay,Dunn,1/1/0001 12:00:00 AM
Rowe,Danielle,1/1/0001 12:00:00 AM
Dodson,Geraldine,1/1/0001 12:00:00 AM
Wright,Andrews,1/1/0001 12:00:00 AM
Yang,Greer,1/1/0001 12:00:00 AM
Walters,Sasha,1/1/0001 12:00:00 AM
Galloway,Miranda,1/1/0001 12:00:00 AM
Hart,Mable,1/1/0001 12:00:00 AM
Frost,Nadine,1/1/0001 12:00:00 AM
Gomez,Gould,1/1/0001 12:00:00 AM
Klein,Olsen,1/1/0001 12:00:00 AM
Mclaughlin,Eileen,1/1/0001 12:00:00 AM
Montgomery,Sosa,1/1/0001 12:00:00 AM
Guthrie,Erma,1/1/0001 12:00:00 AM
Ellison,Riggs,1/1/0001 12:00:00 AM
Mack,Rosa,1/1/0001 12:00:00 AM
Barlow,Larsen,1/1/0001 12:00:00 AM
Dudley,Misty,1/1/0001 12:00:00 AM
Underwood,Jayne,1/1/0001 12:00:00 AM
Mckinney,Kaufman,1/1/0001 12:00:00 AM
Mayer,Howard,1/1/0001 12:00:00 AM
Chang,Baird,1/1/0001 12:00:00 AM
Hutchinson,Erika,1/1/0001 12:00:00 AM
Wynn,Raymond,1/1/0001 12:00:00 AM
Robertson,Neva,1/1/0001 12:00:00 AM
Cleveland,Kelly,1/1/0001 12:00:00 AM
Holder,Lamb,1/1/0001 12:00:00 AM
Valentine,Martha,1/1/0001 12:00:00 AM
Rodriquez,Irma,1/1/0001 12:00:00 AM
Burgess,Petersen,1/1/0001 12:00:00 AM
Petersen,Susanna,1/1/0001 12:00:00 AM
Price,Terrie,1/1/0001 12:00:00 AM
Neal,Shannon,1/1/0001 12:00:00 AM
Buckner,Jordan,1/1/0001 12:00:00 AM
Farrell,Merritt,1/1/0001 12:00:00 AM
Nguyen,Bowen,1/1/0001 12:00:00 AM
Carr,Rivera,1/1/0001 12:00:00 AM
Marsh,Rosalind,1/1/0001 12:00:00 AM
Short,Boyd,1/1/0001 12:00:00 AM
Blackwell,Chandra,1/1/0001 12:00:00 AM
Parker,Therese,1/1/0001 12:00:00 AM
Mccray,Coleman,1/1/0001 12:00:00 AM
Mcmahon,Brooks,1/1/0001 12:00:00 AM
Murphy,Esmeralda,1/1/0001 12:00:00 AM
Leonard,Cornelia,1/1/0001 12:00:00 AM
Clay,Winnie,1/1/0001 12:00:00 AM
Dixon,Faith,1/1/0001 12:00:00 AM
Stanley,Janelle,1/1/0001 12:00:00 AM
Ford,Bell,1/1/0001 12:00:00 AM
Stokes,Williams,1/1/0001 12:00:00 AM
Hardy,Phyllis,1/1/0001 12:00:00 AM
Gordon,Watson,1/1/0001 12:00:00 AM
Hoffman,Lillie,1/1/0001 12:00:00 AM
Thompson,Kerry,1/1/0001 12:00:00 AM
Edwards,Ora,1/1/0001 12:00:00 AM
Keith,Lewis,1/1/0001 12:00:00 AM
Schmidt,Salazar,1/1/0001 12:00:00 AM
Wilcox,Castaneda,1/1/0001 12:00:00 AM
Gilmore,Gwendolyn,1/1/0001 12:00:00 AM
Dominguez,Rachel,1/1/0001 12:00:00 AM
Day,Dorothy,1/1/0001 12:00:00 AM
Clements,Patty,1/1/0001 12:00:00 AM
Hale,Melton,1/1/0001 12:00:00 AM
Walls,Josie,1/1/0001 12:00:00 AM
Waters,Reed,1/1/0001 12:00:00 AM
Warner,Vicki,1/1/0001 12:00:00 AM
Macdonald,Traci,1/1/0001 12:00:00 AM
Fletcher,Margo,1/1/0001 12:00:00 AM
Peterson,Diana,1/1/0001 12:00:00 AM
Erickson,Cox,1/1/0001 12:00:00 AM
Schroeder,Poole,1/1/0001 12:00:00 AM
Mcleod,Rachelle,1/1/0001 12:00:00 AM
Cruz,Olivia,1/1/0001 12:00:00 AM
Shaffer,Garrison,1/1/0001 12:00:00 AM
Melendez,Carpenter,1/1/0001 12:00:00 AM
Santana,Jenna,1/1/0001 12:00:00 AM
Christian,Lawrence,1/1/0001 12:00:00 AM
Reese,Mendez,1/1/0001 12:00:00 AM
Matthews,Carter,1/1/0001 12:00:00 AM
Pate,Wiggins,1/1/0001 12:00:00 AM
Joseph,Hendricks,1/1/0001 12:00:00 AM
Duran,Cline,1/1/0001 12:00:00 AM
Roberson,Reeves,1/1/0001 12:00:00 AM
Tyson,Flora,1/1/0001 12:00:00 AM
Burke,Adriana,1/1/0001 12:00:00 AM
Carpenter,Alma,1/1/0001 12:00:00 AM
Medina,Underwood,1/1/0001 12:00:00 AM
Grimes,Reba,1/1/0001 12:00:00 AM
Goff,Tracie,1/1/0001 12:00:00 AM
Beck,Savannah,1/1/0001 12:00:00 AM
Sherman,Tameka,1/1/0001 12:00:00 AM
Buck,Carlson,1/1/0001 12:00:00 AM
Rollins,Susan,1/1/0001 12:00:00 AM
Leach,Campbell,1/1/0001 12:00:00 AM
Shepherd,Emerson,1/1/0001 12:00:00 AM
Faulkner,Maldonado,1/1/0001 12:00:00 AM
Savage,Callahan,1/1/0001 12:00:00 AM
Jenkins,Gomez,1/1/0001 12:00:00 AM
Rosales,Marilyn,1/1/0001 12:00:00 AM
Francis,Holland,1/1/0001 12:00:00 AM
Rasmussen,Snyder,1/1/0001 12:00:00 AM
Bright,Oneal,1/1/0001 12:00:00 AM
Robinson,Barnes,1/1/0001 12:00:00 AM
Bartlett,Chase,1/1/0001 12:00:00 AM
Byers,Ada,1/1/0001 12:00:00 AM
Mckenzie,Bolton,1/1/0001 12:00:00 AM
Weiss,Anderson,1/1/0001 12:00:00 AM
Good,Glass,1/1/0001 12:00:00 AM
Boone,Imogene,1/1/0001 12:00:00 AM
Hobbs,Christina,1/1/0001 12:00:00 AM
Butler,Barton,1/1/0001 12:00:00 AM
Clemons,Spence,1/1/0001 12:00:00 AM
Hewitt,Howell,1/1/0001 12:00:00 AM
Finch,Reese,1/1/0001 12:00:00 AM
Grant,Nikki,1/1/0001 12:00:00 AM
Whitaker,Levy,1/1/0001 12:00:00 AM
Meyers,Goodwin,1/1/0001 12:00:00 AM
Mercer,Debbie,1/1/0001 12:00:00 AM
Raymond,Woodard,1/1/0001 12:00:00 AM
Casey,Judy,1/1/0001 12:00:00 AM
Sheppard,Addie,1/1/0001 12:00:00 AM
Moss,Katina,1/1/0001 12:00:00 AM
Dalton,Marsha,1/1/0001 12:00:00 AM
Lowery,Kayla,1/1/0001 12:00:00 AM
Sawyer,Kramer,1/1/0001 12:00:00 AM
Calderon,Wells,1/1/0001 12:00:00 AM
Higgins,York,1/1/0001 12:00:00 AM
Frye,Richard,1/1/0001 12:00:00 AM
Humphrey,Booker,1/1/0001 12:00:00 AM
Giles,Willie,1/1/0001 12:00:00 AM
Knox,Nancy,1/1/0001 12:00:00 AM
Ray,Key,1/1/0001 12:00:00 AM
Henson,Elise,1/1/0001 12:00:00 AM
Barker,Vonda,1/1/0001 12:00:00 AM
Vargas,Lauri,1/1/0001 12:00:00 AM
Schultz,Clay,1/1/0001 12:00:00 AM
Kelly,Eaton,1/1/0001 12:00:00 AM
Quinn,Rosa,1/1/0001 12:00:00 AM
Coleman,Karin,1/1/0001 12:00:00 AM
Sanders,Alexandra,1/1/0001 12:00:00 AM
Simmons,Meadows,1/1/0001 12:00:00 AM
Hoover,Ratliff,1/1/0001 12:00:00 AM
Hopkins,Hughes,1/1/0001 12:00:00 AM
Ochoa,Woods,1/1/0001 12:00:00 AM
Cotton,Fulton,1/1/0001 12:00:00 AM
Hurst,Selma,1/1/0001 12:00:00 AM
Christensen,Sutton,1/1/0001 12:00:00 AM
Davidson,Lara,1/1/0001 12:00:00 AM
Marks,Fisher,1/1/0001 12:00:00 AM
Mckee,Cassie,1/1/0001 12:00:00 AM
Mitchell,Amparo,1/1/0001 12:00:00 AM
Boyer,Wolf,1/1/0001 12:00:00 AM
Pennington,Mcgowan,1/1/0001 12:00:00 AM
Green,Valencia,1/1/0001 12:00:00 AM
Britt,Robyn,1/1/0001 12:00:00 AM
Gaines,Alford,1/1/0001 12:00:00 AM
Espinoza,Becky,1/1/0001 12:00:00 AM
Gross,Anne,1/1/0001 12:00:00 AM
Jacobson,Pena,1/1/0001 12:00:00 AM
Golden,Maryanne,1/1/0001 12:00:00 AM
Parsons,Kane,1/1/0001 12:00:00 AM
Compton,Noble,1/1/0001 12:00:00 AM
Glenn,Brittany,1/1/0001 12:00:00 AM
Burks,Dixon,1/1/0001 12:00:00 AM
Flores,Guy,1/1/0001 12:00:00 AM
Franks,Burris,1/1/0001 12:00:00 AM
Houston,Leola,1/1/0001 12:00:00 AM
Logan,Shaw,1/1/0001 12:00:00 AM
Rivers,Barrera,1/1/0001 12:00:00 AM
Brewer,Fitzpatrick,1/1/0001 12:00:00 AM
Head,Lolita,1/1/0001 12:00:00 AM
Berg,Christian,1/1/0001 12:00:00 AM
Curtis,Duran,1/1/0001 12:00:00 AM
Preston,Trujillo,1/1/0001 12:00:00 AM
Avila,Butler,1/1/0001 12:00:00 AM
Cox,Alta,1/1/0001 12:00:00 AM
Patton,Bobbi,1/1/0001 12:00:00 AM
Olsen,Randolph,1/1/0001 12:00:00 AM
Patrick,Bentley,1/1/0001 12:00:00 AM
Barr,Watkins,1/1/0001 12:00:00 AM
Morrow,Morgan,1/1/0001 12:00:00 AM
Mayo,Mcneil,1/1/0001 12:00:00 AM
Hubbard,Ewing,1/1/0001 12:00:00 AM
Kirkland,Bullock,1/1/0001 12:00:00 AM
Bernard,Gates,1/1/0001 12:00:00 AM
Wilder,Cote,1/1/0001 12:00:00 AM
Castro,Vance,1/1/0001 12:00:00 AM
Mathis,Alisha,1/1/0001 12:00:00 AM
Petty,Nina,1/1/0001 12:00:00 AM
Becker,Knox,1/1/0001 12:00:00 AM
Reed,Kinney,1/1/0001 12:00:00 AM
Kane,Cheri,1/1/0001 12:00:00 AM
Hall,Sargent,1/1/0001 12:00:00 AM
Callahan,Matilda,1/1/0001 12:00:00 AM
Dunn,Johnson,1/1/0001 12:00:00 AM
Mason,Skinner,1/1/0001 12:00:00 AM
Nash,Bass,1/1/0001 12:00:00 AM
Johnston,Jillian,1/1/0001 12:00:00 AM
Hammond,Lorene,1/1/0001 12:00:00 AM
May,Day,1/1/0001 12:00:00 AM
Figueroa,Brewer,1/1/0001 12:00:00 AM
Robles,Jeannie,1/1/0001 12:00:00 AM
Perkins,Patrick,1/1/0001 12:00:00 AM
Mccormick,Mitchell,1/1/0001 12:00:00 AM
Valenzuela,Lucy,1/1/0001 12:00:00 AM
Cannon,Gayle,1/1/0001 12:00:00 AM
Browning,Livingston,1/1/0001 12:00:00 AM
Sanford,Barr,1/1/0001 12:00:00 AM
Gallagher,Evelyn,1/1/0001 12:00:00 AM
Brooks,Ramos,1/1/0001 12:00:00 AM
Contreras,Kellie,1/1/0001 12:00:00 AM
Cooper,Douglas,1/1/0001 12:00:00 AM
Johns,Winifred,1/1/0001 12:00:00 AM
Henry,Cook,1/1/0001 12:00:00 AM
Ross,Ophelia,1/1/0001 12:00:00 AM
Knapp,Kitty,1/1/0001 12:00:00 AM
Carson,Tillman,1/1/0001 12:00:00 AM
Stevenson,Deana,1/1/0001 12:00:00 AM
Watson,Cruz,1/1/0001 12:00:00 AM
Sargent,Melissa,1/1/0001 12:00:00 AM
Smith,Joyce,1/1/0001 12:00:00 AM
Montoya,Alisa,1/1/0001 12:00:00 AM
Curry,Sloan,1/1/0001 12:00:00 AM
Moran,Clark,1/1/0001 12:00:00 AM
Beard,Wagner,1/1/0001 12:00:00 AM
Franklin,Deloris,1/1/0001 12:00:00 AM
Glover,Rivas,1/1/0001 12:00:00 AM
Dorsey,Eva,1/1/0001 12:00:00 AM
Kirk,Angeline,1/1/0001 12:00:00 AM
Jensen,Wallace,1/1/0001 12:00:00 AM
Hodges,Heidi,1/1/0001 12:00:00 AM
Rocha,Spears,1/1/0001 12:00:00 AM
Bullock,Brandy,1/1/0001 12:00:00 AM
Woodard,England,1/1/0001 12:00:00 AM
Santos,Love,1/1/0001 12:00:00 AM
Nelson,Burgess,1/1/0001 12:00:00 AM
Morton,Phelps,1/1/0001 12:00:00 AM
Osborne,Olive,1/1/0001 12:00:00 AM
Velez,Sparks,1/1/0001 12:00:00 AM
White,James,1/1/0001 12:00:00 AM
William,Washington,1/1/0001 12:00:00 AM
Pearson,Christian,1/1/0001 12:00:00 AM
Carlson,Nola,1/1/0001 12:00:00 AM
Cohen,Cathy,1/1/0001 12:00:00 AM
Skinner,Houston,1/1/0001 12:00:00 AM
Oneal,Paulette,1/1/0001 12:00:00 AM
Blanchard,Tia,1/1/0001 12:00:00 AM
Hayden,Natalie,1/1/0001 12:00:00 AM
Hatfield,Vega,1/1/0001 12:00:00 AM
Norton,Rhodes,1/1/0001 12:00:00 AM
Taylor,Abby,1/1/0001 12:00:00 AM
Jarvis,Stanley,1/1/0001 12:00:00 AM
Riggs,Simon,1/1/0001 12:00:00 AM
Baker,Maxwell,1/1/0001 12:00:00 AM
Barrera,Osborn,1/1/0001 12:00:00 AM
Young,Davis,1/1/0001 12:00:00 AM
Ramirez,Hutchinson,1/1/0001 12:00:00 AM
Larson,Prince,1/1/0001 12:00:00 AM
Church,Robert,1/1/0001 12:00:00 AM
Lynch,Sonja,1/1/0001 12:00:00 AM
Terry,Stephenson,1/1/0001 12:00:00 AM
Winters,Nona,1/1/0001 12:00:00 AM
Foster,Price,1/1/0001 12:00:00 AM
Chaney,Ruth,1/1/0001 12:00:00 AM
Hyde,Molly,1/1/0001 12:00:00 AM
Trujillo,Hays,1/1/0001 12:00:00 AM
Flowers,Kaitlin,1/1/0001 12:00:00 AM
Williams,Greta,1/1/0001 12:00:00 AM
Fulton,Wilda,1/1/0001 12:00:00 AM
Bowen,Rhoda,1/1/0001 12:00:00 AM
Mcfadden,Le,1/1/0001 12:00:00 AM
Wooten,Graham,1/1/0001 12:00:00 AM
Pugh,Myrtle,1/1/0001 12:00:00 AM
Woods,Erna,1/1/0001 12:00:00 AM
Townsend,Sellers,1/1/0001 12:00:00 AM
Fuentes,Baldwin,1/1/0001 12:00:00 AM
Mooney,Reilly,1/1/0001 12:00:00 AM
Delaney,Huber,1/1/0001 12:00:00 AM
Oneill,Rosario,1/1/0001 12:00:00 AM
Morrison,Mia,1/1/0001 12:00:00 AM
Blake,Cecile,1/1/0001 12:00:00 AM
Bolton,David,1/1/0001 12:00:00 AM
Gregory,Jewel,1/1/0001 12:00:00 AM
Wiggins,Nielsen,1/1/0001 12:00:00 AM
Adams,Stanton,1/1/0001 12:00:00 AM
Vasquez,Sykes,1/1/0001 12:00:00 AM
Snow,Esther,1/1/0001 12:00:00 AM
Phillips,Vickie,1/1/0001 12:00:00 AM
Sharpe,Deanna,1/1/0001 12:00:00 AM
Wallace,Maddox,1/1/0001 12:00:00 AM
Weaver,Green,1/1/0001 12:00:00 AM
Harmon,Snider,1/1/0001 12:00:00 AM
Cantu,Mcmillan,1/1/0001 12:00:00 AM
Benton,Santana,1/1/0001 12:00:00 AM
Manning,Britt,1/1/0001 12:00:00 AM
Burnett,Francisca,1/1/0001 12:00:00 AM
Lewis,Trudy,1/1/0001 12:00:00 AM
Bowers,Case,1/1/0001 12:00:00 AM
Burris,Yvette,1/1/0001 12:00:00 AM
Miles,Joyce,1/1/0001 12:00:00 AM
Morris,Johns,1/1/0001 12:00:00 AM
Johnson,Cherry,1/1/0001 12:00:00 AM
Molina,Jarvis,1/1/0001 12:00:00 AM
Graves,Lidia,1/1/0001 12:00:00 AM
Holden,Shelley,1/1/0001 12:00:00 AM
Griffin,Knowles,1/1/0001 12:00:00 AM
Drake,Staci,1/1/0001 12:00:00 AM
Meyer,Saunders,1/1/0001 12:00:00 AM
Dunlap,Teresa,1/1/0001 12:00:00 AM
Serrano,Dale,1/1/0001 12:00:00 AM
Bell,Hazel,1/1/0001 12:00:00 AM
Pollard,Summers,1/1/0001 12:00:00 AM
Martinez,Jeri,1/1/0001 12:00:00 AM
Walton,Stevens,1/1/0001 12:00:00 AM
Valencia,Teri,1/1/0001 12:00:00 AM
Coffey,Short,1/1/0001 12:00:00 AM
Meadows,Hester,1/1/0001 12:00:00 AM
Barber,Avis,1/1/0001 12:00:00 AM
Riddle,Sandoval,1/1/0001 12:00:00 AM
Greer,Dollie,1/1/0001 12:00:00 AM
Mills,Frieda,1/1/0001 12:00:00 AM
Puckett,Noel,1/1/0001 12:00:00 AM
Porter,Daniel,1/1/0001 12:00:00 AM
Daniels,Lessie,1/1/0001 12:00:00 AM
Richards,Kate,1/1/0001 12:00:00 AM
Dillon,Chambers,1/1/0001 12:00:00 AM
Odonnell,Deanne,1/1/0001 12:00:00 AM
Chen,Mcbride,1/1/0001 12:00:00 AM
Rose,Barbra,1/1/0001 12:00:00 AM
Dickerson,Ladonna,1/1/0001 12:00:00 AM
Garrett,Bender,1/1/0001 12:00:00 AM
Craft,Carson,1/1/0001 12:00:00 AM
Pacheco,Eunice,1/1/0001 12:00:00 AM
Harper,Berta,1/1/0001 12:00:00 AM
Norris,Mcgee,1/1/0001 12:00:00 AM
Stanton,Denise,1/1/0001 12:00:00 AM
Stein,Elaine,1/1/0001 12:00:00 AM
Velasquez,Frankie,1/1/0001 12:00:00 AM
Navarro,Debra,1/1/0001 12:00:00 AM
Phelps,Gale,1/1/0001 12:00:00 AM
Delgado,Anna,1/1/0001 12:00:00 AM
Lyons,Rios,1/1/0001 12:00:00 AM
Hendrix,Russell,1/1/0001 12:00:00 AM
Moody,Reyna,1/1/0001 12:00:00 AM
Castillo,Vivian,1/1/0001 12:00:00 AM
Black,Cooley,1/1/0001 12:00:00 AM
Austin,Dean,1/1/0001 12:00:00 AM
Kline,Rich,1/1/0001 12:00:00 AM
Simpson,Jimenez,1/1/0001 12:00:00 AM
English,Juarez,1/1/0001 12:00:00 AM
Cardenas,Tanisha,1/1/0001 12:00:00 AM
Heath,Sullivan,1/1/0001 12:00:00 AM
Herman,Tammy,1/1/0001 12:00:00 AM
Nixon,Ashley,1/1/0001 12:00:00 AM
Ortega,Letha,1/1/0001 12:00:00 AM
Mathews,Mccarthy,1/1/0001 12:00:00 AM
Melton,Lora,1/1/0001 12:00:00 AM
Best,Herring,1/1/0001 12:00:00 AM
Collier,Kelli,1/1/0001 12:00:00 AM
Campbell,Mayer,1/1/0001 12:00:00 AM
Carter,Petty,1/1/0001 12:00:00 AM
Simon,Angel,1/1/0001 12:00:00 AM
Kim,Arlene,1/1/0001 12:00:00 AM
Doyle,Dianne,1/1/0001 12:00:00 AM
Bradshaw,Lea,1/1/0001 12:00:00 AM
Bowman,Pratt,1/1/0001 12:00:00 AM
Lucas,Mcpherson,1/1/0001 12:00:00 AM
Blair,Isabelle,1/1/0001 12:00:00 AM
Riley,Harrington,1/1/0001 12:00:00 AM
Chavez,Duke,1/1/0001 12:00:00 AM
Wagner,Yates,1/1/0001 12:00:00 AM
Wilkerson,Barry,1/1/0001 12:00:00 AM
Ingram,Marta,1/1/0001 12:00:00 AM
Armstrong,Jeannette,1/1/0001 12:00:00 AM
Ewing,Bean,1/1/0001 12:00:00 AM
Trevino,Buck,1/1/0001 12:00:00 AM
Ball,Sharlene,1/1/0001 12:00:00 AM
Bonner,Bernice,1/1/0001 12:00:00 AM
Fuller,Nannie,1/1/0001 12:00:00 AM
Jimenez,Rasmussen,1/1/0001 12:00:00 AM
Conway,Callie,1/1/0001 12:00:00 AM
Fowler,Marla,1/1/0001 12:00:00 AM
Guy,Bond,1/1/0001 12:00:00 AM
Fitzgerald,Tiffany,1/1/0001 12:00:00 AM
Moon,Melva,1/1/0001 12:00:00 AM
Salinas,Mcdowell,1/1/0001 12:00:00 AM
Hayes,Morgan,1/1/0001 12:00:00 AM
Stone,Emma,1/1/0001 12:00:00 AM
Nicholson,Renee,1/1/0001 12:00:00 AM
Berger,Carol,1/1/0001 12:00:00 AM
Burt,Henry,1/1/0001 12:00:00 AM
Wyatt,Elva,1/1/0001 12:00:00 AM
Jennings,Haley,1/1/0001 12:00:00 AM
Reynolds,Suzanne,1/1/0001 12:00:00 AM
Clark,Jodie,1/1/0001 12:00:00 AM
Rivera,Latonya,1/1/0001 12:00:00 AM
Travis,Ilene,1/1/0001 12:00:00 AM
Stewart,Montgomery,1/1/0001 12:00:00 AM
Wolf,Mallory,1/1/0001 12:00:00 AM
Estrada,Violet,1/1/0001 12:00:00 AM
Lawrence,Stacie,1/1/0001 12:00:00 AM
Cline,Aline,1/1/0001 12:00:00 AM
Spears,Whitley,1/1/0001 12:00:00 AM
Adkins,Liliana,1/1/0001 12:00:00 AM
Lang,Gamble,1/1/0001 12:00:00 AM
Byrd,Osborne,1/1/0001 12:00:00 AM
Lancaster,Holcomb,1/1/0001 12:00:00 AM
Osborn,Myers,1/1/0001 12:00:00 AM
Booker,Graves,1/1/0001 12:00:00 AM
Cherry,Melba,1/1/0001 12:00:00 AM
David,Hurley,1/1/0001 12:00:00 AM
Baird,Lindsay,1/1/0001 12:00:00 AM
Reilly,Erica,1/1/0001 12:00:00 AM
Farley,Morton,1/1/0001 12:00:00 AM
Strong,Ashley,1/1/0001 12:00:00 AM
Dean,Mccall,1/1/0001 12:00:00 AM
Noel,Cotton,1/1/0001 12:00:00 AM
Cantrell,Hester,1/1/0001 12:00:00 AM
Hunter,Baker,1/1/0001 12:00:00 AM
Davis,Chan,1/1/0001 12:00:00 AM
Wall,Mccarty,1/1/0001 12:00:00 AM
Mullen,Victoria,1/1/0001 12:00:00 AM
Beach,Jo,1/1/0001 12:00:00 AM
Landry,Spencer,1/1/0001 12:00:00 AM
Whitfield,Jocelyn,1/1/0001 12:00:00 AM
Baxter,Lucas,1/1/0001 12:00:00 AM
Mendoza,Holder,1/1/0001 12:00:00 AM
Mercado,Gillespie,1/1/0001 12:00:00 AM
Welch,Strickland,1/1/0001 12:00:00 AM
Orr,Amelia,1/1/0001 12:00:00 AM
Pace,Colleen,1/1/0001 12:00:00 AM
Barrett,Alexandria,1/1/0001 12:00:00 AM
Webb,Kathleen,1/1/0001 12:00:00 AM
Holloway,Rice,1/1/0001 12:00:00 AM
Zamora,Lori,1/1/0001 12:00:00 AM
Davenport,Armstrong,1/1/0001 12:00:00 AM
Moses,Melendez,1/1/0001 12:00:00 AM
Albert,Christa,1/1/0001 12:00:00 AM
Dawson,Tricia,1/1/0001 12:00:00 AM
Rowland,Robin,1/1/0001 12:00:00 AM
Hickman,Roth,1/1/0001 12:00:00 AM
Bender,Stephens,1/1/0001 12:00:00 AM
Chapman,Marie,1/1/0001 12:00:00 AM
Case,Velez,1/1/0001 12:00:00 AM
Frank,Hess,1/1/0001 12:00:00 AM
Lamb,Kristi,1/1/0001 12:00:00 AM
Rhodes,Karen,1/1/0001 12:00:00 AM
Sandoval,Marjorie,1/1/0001 12:00:00 AM
Combs,Katie,1/1/0001 12:00:00 AM
Herrera,Buckley,1/1/0001 12:00:00 AM
Acosta,Calderon,1/1/0001 12:00:00 AM
Everett,Jami,1/1/0001 12:00:00 AM
Turner,Holman,1/1/0001 12:00:00 AM
Stout,Elliott,1/1/0001 12:00:00 AM
Jacobs,Daniels,1/1/0001 12:00:00 AM
Alford,Minnie,1/1/0001 12:00:00 AM
Webster,Blevins,1/1/0001 12:00:00 AM
Kramer,Beth,1/1/0001 12:00:00 AM
Garner,Lana,1/1/0001 12:00:00 AM
Carroll,Lenora,1/1/0001 12:00:00 AM
Bates,Evangeline,1/1/0001 12:00:00 AM
Rios,Oliver,1/1/0001 12:00:00 AM
Barnett,Garrett,1/1/0001 12:00:00 AM
Wade,Penelope,1/1/0001 12:00:00 AM
Patel,Ana,1/1/0001 12:00:00 AM
Lopez,Gena,1/1/0001 12:00:00 AM
Sellers,Gina,1/1/0001 12:00:00 AM
Snider,Rhea,1/1/0001 12:00:00 AM
Mcintosh,Hatfield,1/1/0001 12:00:00 AM
Kerr,Maryann,1/1/0001 12:00:00 AM
Harrison,Fay,1/1/0001 12:00:00 AM
Wood,Cora,1/1/0001 12:00:00 AM
Bass,Sophia,1/1/0001 12:00:00 AM
Guerrero,Marquez,1/1/0001 12:00:00 AM
Cobb,Stone,1/1/0001 12:00:00 AM
Livingston,Nita,1/1/0001 12:00:00 AM
Chandler,Megan,1/1/0001 12:00:00 AM
Bean,Vicky,1/1/0001 12:00:00 AM
Pruitt,Clarke,1/1/0001 12:00:00 AM
Morales,Bowers,1/1/0001 12:00:00 AM
Bailey,Sheri,1/1/0001 12:00:00 AM
Potter,Kristie,1/1/0001 12:00:00 AM
Irwin,Page,1/1/0001 12:00:00 AM
Kemp,Fern,1/1/0001 12:00:00 AM
Allison,Tanner,1/1/0001 12:00:00 AM
Holt,Bridgett,1/1/0001 12:00:00 AM
Carrillo,Ferguson,1/1/0001 12:00:00 AM
Velazquez,Elisabeth,1/1/0001 12:00:00 AM
Stuart,Lois,1/1/0001 12:00:00 AM
Collins,Miles,1/1/0001 12:00:00 AM
Key,Valerie,1/1/0001 12:00:00 AM
Robbins,Pruitt,1/1/0001 12:00:00 AM
Bruce,Mcdaniel,1/1/0001 12:00:00 AM
Hanson,Gibbs,1/1/0001 12:00:00 AM
Branch,Tami,1/1/0001 12:00:00 AM
Goodman,Barrett,1/1/0001 12:00:00 AM
Hicks,Ward,1/1/0001 12:00:00 AM
Carney,Mildred,1/1/0001 12:00:00 AM
Love,Jerri,1/1/0001 12:00:00 AM
Witt,Shepherd,1/1/0001 12:00:00 AM
Alexander,English,1/1/0001 12:00:00 AM
Myers,Barbara,1/1/0001 12:00:00 AM
Mosley,Durham,1/1/0001 12:00:00 AM
Knight,Krista,1/1/0001 12:00:00 AM
Hansen,Sherrie,1/1/0001 12:00:00 AM
Camacho,Bettye,1/1/0001 12:00:00 AM
Mccullough,Mcfadden,1/1/0001 12:00:00 AM
Odom,Annette,1/1/0001 12:00:00 AM
Thornton,Brennan,1/1/0001 12:00:00 AM
Wong,Dawson,1/1/0001 12:00:00 AM
Guerra,Kathrine,1/1/0001 12:00:00 AM
Solomon,Bridget,1/1/0001 12:00:00 AM
Chase,Lucille,1/1/0001 12:00:00 AM
Hester,Rodriquez,1/1/0001 12:00:00 AM
Brady,Cabrera,1/1/0001 12:00:00 AM
Burch,Schultz,1/1/0001 12:00:00 AM
Hudson,Richmond,1/1/0001 12:00:00 AM
Mckay,Curtis,1/1/0001 12:00:00 AM
Zimmerman,Hansen,1/1/0001 12:00:00 AM
Steele,Patton,1/1/0001 12:00:00 AM
Valdez,Tammi,1/1/0001 12:00:00 AM
Lawson,Jenkins,1/1/0001 12:00:00 AM
Wells,Macias,1/1/0001 12:00:00 AM
Kennedy,Gracie,1/1/0001 12:00:00 AM
Mccall,Camacho,1/1/0001 12:00:00 AM
Nieves,Kathryn,1/1/0001 12:00:00 AM
Mcgowan,Jennie,1/1/0001 12:00:00 AM
Rice,Susie,1/1/0001 12:00:00 AM
Sims,Hamilton,1/1/0001 12:00:00 AM
Nielsen,Josefa,1/1/0001 12:00:00 AM
Lloyd,Rosemary,1/1/0001 12:00:00 AM
Farmer,Nichole,1/1/0001 12:00:00 AM
Holcomb,Wall,1/1/0001 12:00:00 AM
Strickland,Justine,1/1/0001 12:00:00 AM
Powell,Marshall,1/1/0001 12:00:00 AM
Diaz,Gertrude,1/1/0001 12:00:00 AM
Carey,Anthony,1/1/0001 12:00:00 AM
Ward,Harriet,1/1/0001 12:00:00 AM
Alston,Elvira,1/1/0001 12:00:00 AM
Romero,Murphy,1/1/0001 12:00:00 AM
Cunningham,Jenifer,1/1/0001 12:00:00 AM
Allen,Nanette,1/1/0001 12:00:00 AM
Maddox,Hicks,1/1/0001 12:00:00 AM
Shepard,Lorena,1/1/0001 12:00:00 AM
Weber,Small,1/1/0001 12:00:00 AM
Donaldson,Bonita,1/1/0001 12:00:00 AM
Tran,Holt,1/1/0001 12:00:00 AM
Mclean,Lenore,1/1/0001 12:00:00 AM
Malone,Cervantes,1/1/0001 12:00:00 AM
Villarreal,Virginia,1/1/0001 12:00:00 AM
Benjamin,Torres,1/1/0001 12:00:00 AM
Anthony,Earline,1/1/0001 12:00:00 AM
Estes,Estes,1/1/0001 12:00:00 AM
Spencer,Blanca,1/1/0001 12:00:00 AM
Lambert,Dalton,1/1/0001 12:00:00 AM
Hardin,Essie,1/1/0001 12:00:00 AM
Waller,Stewart,1/1/0001 12:00:00 AM
Maynard,Janis,1/1/0001 12:00:00 AM
Mendez,Ball,1/1/0001 12:00:00 AM
Scott,Sue,1/1/0001 12:00:00 AM
Campos,Charlotte,1/1/0001 12:00:00 AM
Blackburn,Sharp,1/1/0001 12:00:00 AM
Goodwin,Patrica,1/1/0001 12:00:00 AM
Mccarthy,Rosie,1/1/0001 12:00:00 AM
Conrad,Rosalyn,1/1/0001 12:00:00 AM
Vance,Bryan,1/1/0001 12:00:00 AM
Briggs,Abigail,1/1/0001 12:00:00 AM
Crosby,Pearlie,1/1/0001 12:00:00 AM
Kidd,Richards,1/1/0001 12:00:00 AM
Cook,Judith,1/1/0001 12:00:00 AM
Sullivan,Workman,1/1/0001 12:00:00 AM
Copeland,Katelyn,1/1/0001 12:00:00 AM
Gonzalez,Carolyn,1/1/0001 12:00:00 AM
Marquez,Ortiz,1/1/0001 12:00:00 AM
Finley,Perez,1/1/0001 12:00:00 AM
Freeman,Janet,1/1/0001 12:00:00 AM
Jones,Hawkins,1/1/0001 12:00:00 AM
Soto,Jordan,1/1/0001 12:00:00 AM
Hood,Mckinney,1/1/0001 12:00:00 AM
Nichols,Downs,1/1/0001 12:00:00 AM
Kirby,Tracy,1/1/0001 12:00:00 AM
Vinson,Britney,1/1/0001 12:00:00 AM
Castaneda,Polly,1/1/0001 12:00:00 AM
Mcneil,Campos,1/1/0001 12:00:00 AM
Haley,Jimmie,1/1/0001 12:00:00 AM
Griffith,Fleming,1/1/0001 12:00:00 AM
Rich,Brandie,1/1/0001 12:00:00 AM
Lara,Maryellen,1/1/0001 12:00:00 AM
Alvarado,Milagros,1/1/0001 12:00:00 AM
Brown,Hampton,1/1/0001 12:00:00 AM
Bird,Giles,1/1/0001 12:00:00 AM
Gutierrez,Stuart,1/1/0001 12:00:00 AM
Shelton,Rita,1/1/0001 12:00:00 AM
Garza,Doreen,1/1/0001 12:00:00 AM
Harris,Dillon,1/1/0001 12:00:00 AM
Barron,Olga,1/1/0001 12:00:00 AM
Fisher,Watts,1/1/0001 12:00:00 AM
Schneider,Beverley,1/1/0001 12:00:00 AM
Macias,Schneider,1/1/0001 12:00:00 AM
Huber,Newton,1/1/0001 12:00:00 AM
Baldwin,Brandi,1/1/0001 12:00:00 AM
Durham,Bowman,1/1/0001 12:00:00 AM
Leon,Chelsea,1/1/0001 12:00:00 AM
Ruiz,Mcfarland,1/1/0001 12:00:00 AM
Pierce,Bette,1/1/0001 12:00:00 AM
Kelley,Janell,1/1/0001 12:00:00 AM
Rutledge,Louisa,1/1/0001 12:00:00 AM
Reeves,Lester,1/1/0001 12:00:00 AM
Summers,Beatriz,1/1/0001 12:00:00 AM
Gilbert,Mcconnell,1/1/0001 12:00:00 AM
Le,Justice,1/1/0001 12:00:00 AM
Yates,Barnett,1/1/0001 12:00:00 AM
Slater,Chandler,1/1/0001 12:00:00 AM
Shannon,Mays,1/1/0001 12:00:00 AM
Mccarty,Drake,1/1/0001 12:00:00 AM
Boyle,Lesley,1/1/0001 12:00:00 AM
Fischer,Jensen,1/1/0001 12:00:00 AM
Gates,Julie,1/1/0001 12:00:00 AM
Sweet,Katheryn,1/1/0001 12:00:00 AM
Conner,Leila,1/1/0001 12:00:00 AM
Mcmillan,Lopez,1/1/0001 12:00:00 AM
Shaw,Sheryl,1/1/0001 12:00:00 AM
Avery,Charlene,1/1/0001 12:00:00 AM
Donovan,Angelia,1/1/0001 12:00:00 AM
Daniel,Garcia,1/1/0001 12:00:00 AM
Franco,Knapp,1/1/0001 12:00:00 AM
Luna,Beryl,1/1/0001 12:00:00 AM
Fields,Chavez,1/1/0001 12:00:00 AM
Horton,Fuentes,1/1/0001 12:00:00 AM
Mcpherson,Hancock,1/1/0001 12:00:00 AM
Arnold,Ingram,1/1/0001 12:00:00 AM
Barton,Elba,1/1/0001 12:00:00 AM
Wise,Huffman,1/1/0001 12:00:00 AM
Boyd,Hollie,1/1/0001 12:00:00 AM
Charles,Mckay,1/1/0001 12:00:00 AM
Glass,Heath,1/1/0001 12:00:00 AM
Fernandez,Hooper,1/1/0001 12:00:00 AM
Mann,Vang,1/1/0001 12:00:00 AM
Sykes,Thelma,1/1/0001 12:00:00 AM
Colon,Maude,1/1/0001 12:00:00 AM
Roach,Amalia,1/1/0001 12:00:00 AM
Park,Isabella,1/1/0001 12:00:00 AM
Bray,Avery,1/1/0001 12:00:00 AM
Whitley,Dorsey,1/1/0001 12:00:00 AM
Snyder,Priscilla,1/1/0001 12:00:00 AM
Gilliam,Jackson,1/1/0001 12:00:00 AM
Brock,Pollard,1/1/0001 12:00:00 AM
Pope,Agnes,1/1/0001 12:00:00 AM
Gibson,Melody,1/1/0001 12:00:00 AM
Haney,Burch,1/1/0001 12:00:00 AM
Duncan,Franklin,1/1/0001 12:00:00 AM
Shields,Sawyer,1/1/0001 12:00:00 AM
Downs,Darla,1/1/0001 12:00:00 AM
Ayala,Ruiz,1/1/0001 12:00:00 AM
Burton,Olson,1/1/0001 12:00:00 AM
Foreman,Herman,1/1/0001 12:00:00 AM
King,Julia,1/1/0001 12:00:00 AM
Sharp,Mcclure,1/1/0001 12:00:00 AM
Oliver,Lesa,1/1/0001 12:00:00 AM
James,Martin,1/1/0001 12:00:00 AM
Richardson,Rutledge,1/1/0001 12:00:00 AM
Alvarez,Brown,1/1/0001 12:00:00 AM
Hodge,Ingrid,1/1/0001 12:00:00 AM
Jackson,Donna,1/1/0001 12:00:00 AM
Michael,Melinda,1/1/0001 12:00:00 AM
Richmond,Willa,1/1/0001 12:00:00 AM
Cervantes,Steele,1/1/0001 12:00:00 AM
Gay,Mann,1/1/0001 12:00:00 AM
Lowe,Malinda,1/1/0001 12:00:00 AM
Buchanan,Annmarie,1/1/0001 12:00:00 AM
Hooper,Copeland,1/1/0001 12:00:00 AM
Bond,Wolfe,1/1/0001 12:00:00 AM
Brennan,Frederick,1/1/0001 12:00:00 AM
Buckley,Oneil,1/1/0001 12:00:00 AM
House,Guthrie,1/1/0001 12:00:00 AM
Berry,Neal,1/1/0001 12:00:00 AM
Justice,Marcia,1/1/0001 12:00:00 AM
Gould,Ray,1/1/0001 12:00:00 AM
Joyner,Cleo,1/1/0001 12:00:00 AM
Bradley,Perry,1/1/0001 12:00:00 AM
Mejia,Deirdre,1/1/0001 12:00:00 AM
Mcdonald,Baxter,1/1/0001 12:00:00 AM
Pratt,Haney,1/1/0001 12:00:00 AM
Gill,Nettie,1/1/0001 12:00:00 AM
Guzman,Dianna,1/1/0001 12:00:00 AM
Wolfe,Parker,1/1/0001 12:00:00 AM
Ratliff,Scott,1/1/0001 12:00:00 AM
Hamilton,Adeline,1/1/0001 12:00:00 AM
Newman,Knight,1/1/0001 12:00:00 AM
Salas,Cannon,1/1/0001 12:00:00 AM
Duke,Logan,1/1/0001 12:00:00 AM
Barry,Nelson,1/1/0001 12:00:00 AM
Talley,Mayra,1/1/0001 12:00:00 AM
Duffy,Keith,1/1/0001 12:00:00 AM
Decker,Rowland,1/1/0001 12:00:00 AM
Nolan,Kara,1/1/0001 12:00:00 AM
Horne,Kemp,1/1/0001 12:00:00 AM
Mcclure,Emilia,1/1/0001 12:00:00 AM
Obrien,Jeannine,1/1/0001 12:00:00 AM
Ballard,Trina,1/1/0001 12:00:00 AM
Pena,Norris,1/1/0001 12:00:00 AM
Roy,Kirkland,1/1/0001 12:00:00 AM
Fleming,Elena,1/1/0001 12:00:00 AM
Levy,Langley,1/1/0001 12:00:00 AM
Howe,Margret,1/1/0001 12:00:00 AM
Silva,Robles,1/1/0001 12:00:00 AM
Workman,Castillo,1/1/0001 12:00:00 AM
Gonzales,Velasquez,1/1/0001 12:00:00 AM
Mcgee,Hebert,1/1/0001 12:00:00 AM
Cummings,Newman,1/1/0001 12:00:00 AM
Tucker,Tonya,1/1/0001 12:00:00 AM
Holmes,Bridgette,1/1/0001 12:00:00 AM
Andrews,Roy,1/1/0001 12:00:00 AM
Gamble,Cheryl,1/1/0001 12:00:00 AM
Martin,Sears,1/1/0001 12:00:00 AM
Hinton,Jacqueline,1/1/0001 12:00:00 AM
Bryant,Marsh,1/1/0001 12:00:00 AM
Stark,Moon,1/1/0001 12:00:00 AM
Hughes,Jennings,1/1/0001 12:00:00 AM
Morse,Burks,1/1/0001 12:00:00 AM
Nunez,Dickerson,1/1/0001 12:00:00 AM
Rosa,Lacey,1/1/0001 12:00:00 AM
Lester,Winters,1/1/0001 12:00:00 AM
Blankenship,Jill,1/1/0001 12:00:00 AM
Rodgers,Kendra,1/1/0001 12:00:00 AM
Reyes,Walker,1/1/0001 12:00:00 AM
Monroe,Mack,1/1/0001 12:00:00 AM
Hahn,Mcknight,1/1/0001 12:00:00 AM
Roth,Elisa,1/1/0001 12:00:00 AM
Frazier,Maritza,1/1/0001 12:00:00 AM
Gibbs,Louella,1/1/0001 12:00:00 AM
Garcia,Townsend,1/1/0001 12:00:00 AM
Atkinson,Katherine,1/1/0001 12:00:00 AM
Lee,Cooke,1/1/0001 12:00:00 AM
York,Eleanor,1/1/0001 12:00:00 AM
Vang,Anita,1/1/0001 12:00:00 AM
Vazquez,Roberts,1/1/0001 12:00:00 AM
Hebert,Hickman,1/1/0001 12:00:00 AM
Benson,Luella,1/1/0001 12:00:00 AM
Vaughan,Elsie,1/1/0001 12:00:00 AM
Howard,Earnestine,1/1/0001 12:00:00 AM
Hull,Terry,1/1/0001 12:00:00 AM
Dale,Twila,1/1/0001 12:00:00 AM
Bennett,Jacobson,1/1/0001 12:00:00 AM
Tyler,Terrell,1/1/0001 12:00:00 AM
Bridges,Moran,1/1/0001 12:00:00 AM
Russell,Sheila,1/1/0001 12:00:00 AM
Gallegos,Miller,1/1/0001 12:00:00 AM
Spence,Acosta,1/1/0001 12:00:00 AM
Langley,Mcintyre,1/1/0001 12:00:00 AM
Walter,Lancaster,1/1/0001 12:00:00 AM
Battle,Rae,1/1/0001 12:00:00 AM
Acevedo,Dolly,1/1/0001 12:00:00 AM
Cole,Santos,1/1/0001 12:00:00 AM
Rosario,Allyson,1/1/0001 12:00:00 AM
Fox,Ayers,1/1/0001 12:00:00 AM
Solis,Lynn,1/1/0001 12:00:00 AM
Levine,Hoffman,1/1/0001 12:00:00 AM
Walker,Perkins,1/1/0001 12:00:00 AM
Whitehead,Herminia,1/1/0001 12:00:00 AM
Russo,Leanna,1/1/0001 12:00:00 AM
Clarke,Villarreal,1/1/0001 12:00:00 AM
Blevins,Hodges,1/1/0001 12:00:00 AM
Sexton,Kirk,1/1/0001 12:00:00 AM
Harrell,Sanchez,1/1/0001 12:00:00 AM
Hancock,Clarissa,1/1/0001 12:00:00 AM
Todd,Loretta,1/1/0001 12:00:00 AM
Huffman,Brenda,1/1/0001 12:00:00 AM
Ashley,Minerva,1/1/0001 12:00:00 AM
Randall,Carmela,1/1/0001 12:00:00 AM
Sparks,Faulkner,1/1/0001 12:00:00 AM
Tate,Magdalena,1/1/0001 12:00:00 AM
Bauer,Calhoun,1/1/0001 12:00:00 AM
Vincent,Latoya,1/1/0001 12:00:00 AM
Hernandez,Carmella,1/1/0001 12:00:00 AM
Pitts,Grimes,1/1/0001 12:00:00 AM
Gillespie,Molina,1/1/0001 12:00:00 AM
Rodriguez,Tamika,1/1/0001 12:00:00 AM
Bryan,Cobb,1/1/0001 12:00:00 AM
Kent,Meagan,1/1/0001 12:00:00 AM
Roberts,Angelita,1/1/0001 12:00:00 AM
Wilkinson,Soto,1/1/0001 12:00:00 AM
Chambers,Lou,1/1/0001 12:00:00 AM
Ferrell,Florence,1/1/0001 12:00:00 AM
Richard,Frank,1/1/0001 12:00:00 AM
Schwartz,Berger,1/1/0001 12:00:00 AM
Hunt,Delores,1/1/0001 12:00:00 AM
Barnes,Marguerite,1/1/0001 12:00:00 AM
Rogers,Tasha,1/1/0001 12:00:00 AM
Little,Gay,1/1/0001 12:00:00 AM
Noble,Gilmore,1/1/0001 12:00:00 AM
Clayton,Lang,1/1/0001 12:00:00 AM
Cain,Montoya,1/1/0001 12:00:00 AM
Mullins,Simone,1/1/0001 12:00:00 AM
