nom,voornaam,company,print_badge
Cross,Blake,Xeronk,1/1/0001 12:00:00 AM
Floyd,Gardner,Organica,1/1/0001 12:00:00 AM
Fry,Cleveland,Emergent,1/1/0001 12:00:00 AM
Craig,Carney,Isoplex,1/1/0001 12:00:00 AM
Woodward,Sims,Orboid,1/1/0001 12:00:00 AM
Suarez,Ebony,Momentia,1/1/0001 12:00:00 AM
Stephenson,Sheppard,Utarian,1/1/0001 12:00:00 AM
Thomas,Pierce,Norsul,1/1/0001 12:00:00 AM
Gray,Vinson,Gracker,1/1/0001 12:00:00 AM
Olson,Shari,Glasstep,1/1/0001 12:00:00 AM
Madden,Davidson,Ovium,1/1/0001 12:00:00 AM
Torres,Lynne,Zenco,1/1/0001 12:00:00 AM
Dotson,Whitfield,Jetsilk,1/1/0001 12:00:00 AM
Frederick,Althea,Danja,1/1/0001 12:00:00 AM
Cote,Riley,Franscene,1/1/0001 12:00:00 AM
Owens,Matthews,Sensate,1/1/0001 12:00:00 AM
Knowles,Cathryn,Quizmo,1/1/0001 12:00:00 AM
Merritt,Marks,Keeg,1/1/0001 12:00:00 AM
Morin,Candy,Tropoli,1/1/0001 12:00:00 AM
Owen,Carey,Digigene,1/1/0001 12:00:00 AM
Watts,Harrison,Geekular,1/1/0001 12:00:00 AM
Mcintyre,Coffey,Prismatic,1/1/0001 12:00:00 AM
Maldonado,Walters,Plasto,1/1/0001 12:00:00 AM
Sosa,Mclean,Photobin,1/1/0001 12:00:00 AM
Payne,Karyn,Hydrocom,1/1/0001 12:00:00 AM
Maxwell,Yang,Viocular,1/1/0001 12:00:00 AM
Juarez,Beasley,Digirang,1/1/0001 12:00:00 AM
Lott,Potter,Aquazure,1/1/0001 12:00:00 AM
Aguilar,Carroll,Hyplex,1/1/0001 12:00:00 AM