Barcode,LastName,FirstName,Company,PrintBadge
100153,Mueller,Jeanine,Comstruct,1/1/0001 12:00:00 AM
100154,Cross,Blake,Xeronk,1/1/0001 12:00:00 AM
100155,Floyd,Gardner,Organica,1/1/0001 12:00:00 AM
100156,Fry,Cleveland,Emergent,1/1/0001 12:00:00 AM
100157,Craig,Carney,Isoplex,1/1/0001 12:00:00 AM
100158,Woodward,Sims,Orboid,1/1/0001 12:00:00 AM
100159,Suarez,Ebony,Momentia,1/1/0001 12:00:00 AM
100160,Stephenson,Sheppard,Utarian,1/1/0001 12:00:00 AM
100161,Thomas,Pierce,Norsul,1/1/0001 12:00:00 AM
100162,Gray,Vinson,Gracker,1/1/0001 12:00:00 AM
100163,Olson,Shari,Glasstep,1/1/0001 12:00:00 AM
100164,Madden,Davidson,Ovium,1/1/0001 12:00:00 AM
100165,Torres,Lynne,Zenco,1/1/0001 12:00:00 AM
100166,Dotson,Whitfield,Jetsilk,1/1/0001 12:00:00 AM
100167,Frederick,Althea,Danja,1/1/0001 12:00:00 AM
100168,Cote,Riley,Franscene,1/1/0001 12:00:00 AM
100169,Owens,Matthews,Sensate,1/1/0001 12:00:00 AM
100170,Knowles,Cathryn,Quizmo,1/1/0001 12:00:00 AM
100171,Merritt,Marks,Keeg,1/1/0001 12:00:00 AM
100172,Morin,Candy,Tropoli,1/1/0001 12:00:00 AM
100173,Owen,Carey,Digigene,1/1/0001 12:00:00 AM
100174,Watts,Harrison,Geekular,1/1/0001 12:00:00 AM
100175,Mcintyre,Coffey,Prismatic,1/1/0001 12:00:00 AM
100176,Maldonado,Walters,Plasto,1/1/0001 12:00:00 AM
100177,Sosa,Mclean,Photobin,1/1/0001 12:00:00 AM
100178,Payne,Karyn,Hydrocom,1/1/0001 12:00:00 AM
100179,Maxwell,Yang,Viocular,1/1/0001 12:00:00 AM
100180,Juarez,Beasley,Digirang,1/1/0001 12:00:00 AM
100181,Lott,Potter,Aquazure,1/1/0001 12:00:00 AM
100182,Aguilar,Carroll,Hyplex,1/1/0001 12:00:00 AM
100183,Miranda,Tara,Zillacom,1/1/0001 12:00:00 AM
100184,Page,Yvonne,Scenty,1/1/0001 12:00:00 AM
100185,Rojas,May,Cujo,1/1/0001 12:00:00 AM
100186,Hogan,Effie,Micronaut,1/1/0001 12:00:00 AM
100187,Banks,Lane,Combot,1/1/0001 12:00:00 AM
100188,Mccoy,Abbott,Zillactic,1/1/0001 12:00:00 AM
100189,Mcdowell,Madge,Uberlux,1/1/0001 12:00:00 AM
100190,Marshall,Benson,Greeker,1/1/0001 12:00:00 AM
100191,Jefferson,Blackburn,Blanet,1/1/0001 12:00:00 AM
100192,Prince,Shields,Viasia,1/1/0001 12:00:00 AM
100193,Graham,Fuller,Daido,1/1/0001 12:00:00 AM
100194,Mcclain,Lakeisha,Cowtown,1/1/0001 12:00:00 AM
100195,Sutton,Kasey,Gushkool,1/1/0001 12:00:00 AM
100196,Weeks,Roach,Acium,1/1/0001 12:00:00 AM
100197,Mcguire,Gutierrez,Gronk,1/1/0001 12:00:00 AM
100198,Perry,Byrd,Valreda,1/1/0001 12:00:00 AM
100199,Palmer,Bright,Sultrax,1/1/0001 12:00:00 AM
100200,Cooley,Santiago,Voratak,1/1/0001 12:00:00 AM
100201,Santiago,Griffith,Phuel,1/1/0001 12:00:00 AM
100202,Paul,Powell,Xylar,1/1/0001 12:00:00 AM
100203,Stephens,Foreman,Vendblend,1/1/0001 12:00:00 AM
100204,Middleton,Tran,Bizmatic,1/1/0001 12:00:00 AM
100205,Randolph,Wise,Moltonic,1/1/0001 12:00:00 AM
100206,Reid,Wade,Xleen,1/1/0001 12:00:00 AM
100207,Cochran,Clayton,Eyeris,1/1/0001 12:00:00 AM
100208,Parks,Whitney,Providco,1/1/0001 12:00:00 AM
100209,Warren,Courtney,Tingles,1/1/0001 12:00:00 AM
100210,Booth,Hopkins,Apextri,1/1/0001 12:00:00 AM
100211,Sanchez,Hope,Senmao,1/1/0001 12:00:00 AM
100212,Hays,Nicholson,Plutorque,1/1/0001 12:00:00 AM
100213,Padilla,Lindsey,Tellifly,1/1/0001 12:00:00 AM
100214,Leblanc,Sandra,Comtext,1/1/0001 12:00:00 AM
100215,Emerson,Merrill,Musaphics,1/1/0001 12:00:00 AM
100216,Stevens,Rush,Pawnagra,1/1/0001 12:00:00 AM
100217,Bentley,Ofelia,Earthplex,1/1/0001 12:00:00 AM
100218,Willis,Marian,Vicon,1/1/0001 12:00:00 AM
100219,Gentry,Moss,Slambda,1/1/0001 12:00:00 AM
100220,Pickett,Hart,Eventex,1/1/0001 12:00:00 AM
100221,Hampton,Lawanda,Circum,1/1/0001 12:00:00 AM
100222,Peck,Rollins,Geostele,1/1/0001 12:00:00 AM
100223,Salazar,Adams,Myopium,1/1/0001 12:00:00 AM
100224,Bishop,Pitts,Tsunamia,1/1/0001 12:00:00 AM
100225,Holland,Ochoa,Podunk,1/1/0001 12:00:00 AM
100226,Hines,Keri,Gynko,1/1/0001 12:00:00 AM
100227,Lindsey,Jeanie,Applica,1/1/0001 12:00:00 AM
100228,Munoz,Alissa,Ezent,1/1/0001 12:00:00 AM
100229,Ryan,Rose,Cuizine,1/1/0001 12:00:00 AM
100230,Sloan,Kim,Zillatide,1/1/0001 12:00:00 AM
100231,Cameron,Mariana,Hairport,1/1/0001 12:00:00 AM
100232,Vega,Jean,Silodyne,1/1/0001 12:00:00 AM
100233,French,Sallie,Bugsall,1/1/0001 12:00:00 AM
100234,Daugherty,Thompson,Elemantra,1/1/0001 12:00:00 AM
100235,Greene,Long,Kangle,1/1/0001 12:00:00 AM
100236,Dillard,Amy,Sultraxin,1/1/0001 12:00:00 AM
100237,West,Lucile,Parcoe,1/1/0001 12:00:00 AM
100238,Fitzpatrick,Betsy,Digitalus,1/1/0001 12:00:00 AM
100239,Harvey,Eula,Aquamate,1/1/0001 12:00:00 AM
100240,Hawkins,Alston,Fuelton,1/1/0001 12:00:00 AM
100241,Douglas,Slater,Parleynet,1/1/0001 12:00:00 AM
100242,Cash,Lloyd,Filodyne,1/1/0001 12:00:00 AM
100243,Cabrera,Theresa,Bluplanet,1/1/0001 12:00:00 AM
100244,Harrington,Pat,Roboid,1/1/0001 12:00:00 AM
100245,Carver,Paige,Translink,1/1/0001 12:00:00 AM
100246,Holman,Clements,Ziore,1/1/0001 12:00:00 AM
100247,Peters,Salinas,Ludak,1/1/0001 12:00:00 AM
100248,Ramos,Kristy,Calcula,1/1/0001 12:00:00 AM
100249,Hill,Hill,Nimon,1/1/0001 12:00:00 AM
100250,Haynes,Rowena,Playce,1/1/0001 12:00:00 AM
100251,Stafford,Casey,Telequiet,1/1/0001 12:00:00 AM
100252,Harding,Rebekah,Magnafone,1/1/0001 12:00:00 AM
100253,Murray,Rocha,Sportan,1/1/0001 12:00:00 AM
100254,Oconnor,Roslyn,Plasmox,1/1/0001 12:00:00 AM
100255,Terrell,Cecilia,Apex,1/1/0001 12:00:00 AM
100256,Hensley,Rochelle,Songbird,1/1/0001 12:00:00 AM
100257,George,Pauline,Vetron,1/1/0001 12:00:00 AM
100258,Herring,Franks,Electonic,1/1/0001 12:00:00 AM
100259,Walsh,Zamora,Kindaloo,1/1/0001 12:00:00 AM
100260,Kinney,Rivers,Roughies,1/1/0001 12:00:00 AM
100261,Singleton,Foster,Radiantix,1/1/0001 12:00:00 AM
100262,Koch,Munoz,Intergeek,1/1/0001 12:00:00 AM
100263,Delacruz,Nixon,Portaline,1/1/0001 12:00:00 AM
100264,Gardner,Lee,Ceprene,1/1/0001 12:00:00 AM
100265,Hurley,Lela,Scentric,1/1/0001 12:00:00 AM
100266,Moore,Hull,Accupharm,1/1/0001 12:00:00 AM
100267,Morgan,Bush,Arctiq,1/1/0001 12:00:00 AM
100268,Sweeney,Franco,Hawkster,1/1/0001 12:00:00 AM
100269,Ayers,Marcie,Lumbrex,1/1/0001 12:00:00 AM
100270,Potts,Benjamin,Anarco,1/1/0001 12:00:00 AM
100271,Roman,Mckenzie,Eventix,1/1/0001 12:00:00 AM
100272,Hendricks,Vazquez,Pigzart,1/1/0001 12:00:00 AM
100273,Garrison,Inez,Cinesanct,1/1/0001 12:00:00 AM
100274,Massey,Bettie,Eclipsent,1/1/0001 12:00:00 AM
100275,Forbes,Rosemarie,Verbus,1/1/0001 12:00:00 AM
100276,Merrill,Gallegos,Harmoney,1/1/0001 12:00:00 AM
100277,Joyce,Lila,Schoolio,1/1/0001 12:00:00 AM
100278,Wheeler,Tammie,Paprikut,1/1/0001 12:00:00 AM
100279,Rush,Antonia,Gallaxia,1/1/0001 12:00:00 AM
100280,Atkins,Millie,Stucco,1/1/0001 12:00:00 AM
100281,Ware,Lambert,Zillacon,1/1/0001 12:00:00 AM
100282,Parrish,Romero,Stelaecor,1/1/0001 12:00:00 AM
100283,Rivas,Delaney,Prosely,1/1/0001 12:00:00 AM
100284,Whitney,Kelley,Columella,1/1/0001 12:00:00 AM
100285,Huff,Holden,Digigen,1/1/0001 12:00:00 AM
100286,Washington,Ballard,Noralex,1/1/0001 12:00:00 AM
100287,Sampson,Flores,Quarx,1/1/0001 12:00:00 AM
100288,Keller,Dorothea,Imperium,1/1/0001 12:00:00 AM
100289,Mcbride,Ernestine,Niquent,1/1/0001 12:00:00 AM
100290,Eaton,Patti,Genmom,1/1/0001 12:00:00 AM
100291,Ramsey,Ware,Koogle,1/1/0001 12:00:00 AM
100292,Horn,Darcy,Earbang,1/1/0001 12:00:00 AM
100293,Dyer,Shawna,Canopoly,1/1/0001 12:00:00 AM
100294,Bradford,Forbes,Zidox,1/1/0001 12:00:00 AM
100295,Lynn,Dona,Twiggery,1/1/0001 12:00:00 AM
100296,Abbott,Simmons,Acruex,1/1/0001 12:00:00 AM
100297,Small,Eliza,Lotron,1/1/0001 12:00:00 AM
100298,Kaufman,Preston,Farmex,1/1/0001 12:00:00 AM
100299,Wilson,Graciela,Geekola,1/1/0001 12:00:00 AM
100300,Mcdaniel,Roxie,Zappix,1/1/0001 12:00:00 AM
100301,Henderson,Duffy,Memora,1/1/0001 12:00:00 AM
